{
"type": "FeatureCollection",
"features": [
{ "type": "Feature", "properties": { "ARCID": 1, "GRID_CODE": 1, "FROM_NODE": 2, "TO_NODE": 1, "Shape_Leng": 146.055513 }, "geometry": { "type": "LineString", "coordinates": [ [ -91.772685, 15.615776 ], [ -91.772679, 15.616770 ], [ -91.772864, 15.617043 ] ] } }
,
{ "type": "Feature", "properties": { "ARCID": 2, "GRID_CODE": 1, "FROM_NODE": 5, "TO_NODE": 4, "Shape_Leng": 31.622777 }, "geometry": { "type": "LineString", "coordinates": [ [ -91.720366, 15.614845 ], [ -91.720645, 15.614937 ] ] } }
,
{ "type": "Feature", "properties": { "ARCID": 3, "GRID_CODE": 1, "FROM_NODE": 6, "TO_NODE": 7, "Shape_Leng": 20.000000 }, "geometry": { "type": "LineString", "coordinates": [ [ -91.734452, 15.614474 ], [ -91.734451, 15.614655 ] ] } }
,
{ "type": "Feature", "properties": { "ARCID": 4, "GRID_CODE": 1, "FROM_NODE": 8, "TO_NODE": 9, "Shape_Leng": 20.000000 }, "geometry": { "type": "LineString", "coordinates": [ [ -91.725126, 15.614240 ], [ -91.725125, 15.614420 ] ] } }
,
{ "type": "Feature", "properties": { "ARCID": 5, "GRID_CODE": 1, "FROM_NODE": 15, "TO_NODE": 13, "Shape_Leng": 80.000000 }, "geometry": { "type": "LineString", "coordinates": [ [ -91.771397, 15.612696 ], [ -91.771393, 15.613419 ] ] } }
,
{ "type": "Feature", "properties": { "ARCID": 6, "GRID_CODE": 1, "FROM_NODE": 18, "TO_NODE": 16, "Shape_Leng": 108.166538 }, "geometry": { "type": "LineString", "coordinates": [ [ -91.739881, 15.611342 ], [ -91.740435, 15.612159 ] ] } }
,
{ "type": "Feature", "properties": { "ARCID": 7, "GRID_CODE": 1, "FROM_NODE": 20, "TO_NODE": 21, "Shape_Leng": 28.284271 }, "geometry": { "type": "LineString", "coordinates": [ [ -91.749490, 15.610945 ], [ -91.749675, 15.611127 ] ] } }
,
{ "type": "Feature", "properties": { "ARCID": 8, "GRID_CODE": 1, "FROM_NODE": 25, "TO_NODE": 10, "Shape_Leng": 482.795257 }, "geometry": { "type": "LineString", "coordinates": [ [ -91.717877, 15.610130 ], [ -91.717665, 15.614287 ], [ -91.717478, 15.614376 ] ] } }
,
{ "type": "Feature", "properties": { "ARCID": 9, "GRID_CODE": 1, "FROM_NODE": 27, "TO_NODE": 18, "Shape_Leng": 194.537432 }, "geometry": { "type": "LineString", "coordinates": [ [ -91.739237, 15.609802 ], [ -91.739515, 15.610074 ], [ -91.739511, 15.610798 ], [ -91.739881, 15.611342 ] ] } }
,
{ "type": "Feature", "properties": { "ARCID": 10, "GRID_CODE": 1, "FROM_NODE": 28, "TO_NODE": 11, "Shape_Leng": 700.185275 }, "geometry": { "type": "LineString", "coordinates": [ [ -91.723382, 15.609710 ], [ -91.726815, 15.612713 ], [ -91.726809, 15.613617 ], [ -91.727740, 15.613893 ] ] } }
,
{ "type": "Feature", "properties": { "ARCID": 11, "GRID_CODE": 1, "FROM_NODE": 29, "TO_NODE": 26, "Shape_Leng": 188.994949 }, "geometry": { "type": "LineString", "coordinates": [ [ -91.776358, 15.609650 ], [ -91.777008, 15.610286 ], [ -91.777847, 15.610291 ] ] } }
,
{ "type": "Feature", "properties": { "ARCID": 12, "GRID_CODE": 1, "FROM_NODE": 31, "TO_NODE": 12, "Shape_Leng": 871.119270 }, "geometry": { "type": "LineString", "coordinates": [ [ -91.730569, 15.608938 ], [ -91.731869, 15.609850 ], [ -91.733543, 15.610582 ], [ -91.736881, 15.613765 ] ] } }
,
{ "type": "Feature", "properties": { "ARCID": 13, "GRID_CODE": 1, "FROM_NODE": 32, "TO_NODE": 23, "Shape_Leng": 290.121573 }, "geometry": { "type": "LineString", "coordinates": [ [ -91.753887, 15.608710 ], [ -91.754072, 15.608892 ], [ -91.754251, 15.610159 ], [ -91.754992, 15.610976 ] ] } }
,
{ "type": "Feature", "properties": { "ARCID": 14, "GRID_CODE": 1, "FROM_NODE": 33, "TO_NODE": 22, "Shape_Leng": 280.000000 }, "geometry": { "type": "LineString", "coordinates": [ [ -91.762842, 15.608490 ], [ -91.762826, 15.611021 ] ] } }
,
{ "type": "Feature", "properties": { "ARCID": 15, "GRID_CODE": 1, "FROM_NODE": 34, "TO_NODE": 19, "Shape_Leng": 340.147027 }, "geometry": { "type": "LineString", "coordinates": [ [ -91.764895, 15.608320 ], [ -91.764783, 15.611393 ] ] } }
,
{ "type": "Feature", "properties": { "ARCID": 16, "GRID_CODE": 1, "FROM_NODE": 35, "TO_NODE": 24, "Shape_Leng": 308.885438 }, "geometry": { "type": "LineString", "coordinates": [ [ -91.760605, 15.608206 ], [ -91.761342, 15.609656 ], [ -91.761335, 15.610831 ] ] } }
,
{ "type": "Feature", "properties": { "ARCID": 17, "GRID_CODE": 1, "FROM_NODE": 36, "TO_NODE": 17, "Shape_Leng": 401.009366 }, "geometry": { "type": "LineString", "coordinates": [ [ -91.744750, 15.608116 ], [ -91.745491, 15.609024 ], [ -91.745849, 15.611467 ] ] } }
,
{ "type": "Feature", "properties": { "ARCID": 18, "GRID_CODE": 1, "FROM_NODE": 37, "TO_NODE": 3, "Shape_Leng": 1041.234099 }, "geometry": { "type": "LineString", "coordinates": [ [ -91.711549, 15.607833 ], [ -91.711548, 15.608104 ], [ -91.712289, 15.608832 ], [ -91.712287, 15.609193 ], [ -91.714698, 15.611377 ], [ -91.714691, 15.612462 ], [ -91.714503, 15.612822 ], [ -91.713372, 15.614623 ], [ -91.712622, 15.615251 ] ] } }
,
{ "type": "Feature", "properties": { "ARCID": 19, "GRID_CODE": 1, "FROM_NODE": 38, "TO_NODE": 31, "Shape_Leng": 206.011262 }, "geometry": { "type": "LineString", "coordinates": [ [ -91.729833, 15.607307 ], [ -91.730203, 15.607671 ], [ -91.730200, 15.608213 ], [ -91.730569, 15.608938 ] ] } }
,
{ "type": "Feature", "properties": { "ARCID": 20, "GRID_CODE": 1, "FROM_NODE": 39, "TO_NODE": 36, "Shape_Leng": 265.877302 }, "geometry": { "type": "LineString", "coordinates": [ [ -91.742517, 15.607199 ], [ -91.743632, 15.607929 ], [ -91.744750, 15.608116 ] ] } }
,
{ "type": "Feature", "properties": { "ARCID": 21, "GRID_CODE": 1, "FROM_NODE": 40, "TO_NODE": 39, "Shape_Leng": 70.000000 }, "geometry": { "type": "LineString", "coordinates": [ [ -91.742521, 15.606567 ], [ -91.742517, 15.607199 ] ] } }
,
{ "type": "Feature", "properties": { "ARCID": 22, "GRID_CODE": 1, "FROM_NODE": 41, "TO_NODE": 42, "Shape_Leng": 266.055513 }, "geometry": { "type": "LineString", "coordinates": [ [ -91.774513, 15.606295 ], [ -91.776658, 15.606307 ], [ -91.776939, 15.606128 ] ] } }
,
{ "type": "Feature", "properties": { "ARCID": 23, "GRID_CODE": 1, "FROM_NODE": 43, "TO_NODE": 32, "Shape_Leng": 425.642073 }, "geometry": { "type": "LineString", "coordinates": [ [ -91.751478, 15.605985 ], [ -91.751659, 15.606890 ], [ -91.752400, 15.607798 ], [ -91.753142, 15.608525 ], [ -91.753887, 15.608710 ] ] } }
,
{ "type": "Feature", "properties": { "ARCID": 24, "GRID_CODE": 1, "FROM_NODE": 44, "TO_NODE": 32, "Shape_Leng": 422.500584 }, "geometry": { "type": "LineString", "coordinates": [ [ -91.756051, 15.605559 ], [ -91.754454, 15.607448 ], [ -91.753887, 15.608710 ] ] } }
,
{ "type": "Feature", "properties": { "ARCID": 25, "GRID_CODE": 1, "FROM_NODE": 46, "TO_NODE": 39, "Shape_Leng": 384.531501 }, "geometry": { "type": "LineString", "coordinates": [ [ -91.739919, 15.605015 ], [ -91.740846, 15.605924 ], [ -91.741400, 15.606831 ], [ -91.742517, 15.607199 ] ] } }
,
{ "type": "Feature", "properties": { "ARCID": 26, "GRID_CODE": 1, "FROM_NODE": 47, "TO_NODE": 35, "Shape_Leng": 396.417496 }, "geometry": { "type": "LineString", "coordinates": [ [ -91.761558, 15.604867 ], [ -91.761366, 15.605679 ], [ -91.760614, 15.606760 ], [ -91.760605, 15.608206 ] ] } }
,
{ "type": "Feature", "properties": { "ARCID": 27, "GRID_CODE": 1, "FROM_NODE": 48, "TO_NODE": 31, "Shape_Leng": 1287.586319 }, "geometry": { "type": "LineString", "coordinates": [ [ -91.720712, 15.604181 ], [ -91.722936, 15.606544 ], [ -91.722931, 15.607267 ], [ -91.723303, 15.607450 ], [ -91.723862, 15.607634 ], [ -91.725354, 15.607643 ], [ -91.727028, 15.608376 ], [ -91.728707, 15.608385 ], [ -91.730569, 15.608938 ] ] } }
,
{ "type": "Feature", "properties": { "ARCID": 28, "GRID_CODE": 1, "FROM_NODE": 49, "TO_NODE": 48, "Shape_Leng": 70.000000 }, "geometry": { "type": "LineString", "coordinates": [ [ -91.720059, 15.604177 ], [ -91.720712, 15.604181 ] ] } }
,
{ "type": "Feature", "properties": { "ARCID": 29, "GRID_CODE": 1, "FROM_NODE": 50, "TO_NODE": 30, "Shape_Leng": 641.285928 }, "geometry": { "type": "LineString", "coordinates": [ [ -91.705698, 15.604003 ], [ -91.706160, 15.604638 ], [ -91.706341, 15.605543 ], [ -91.708004, 15.608084 ], [ -91.708090, 15.609169 ] ] } }
,
{ "type": "Feature", "properties": { "ARCID": 30, "GRID_CODE": 1, "FROM_NODE": 51, "TO_NODE": 43, "Shape_Leng": 238.113883 }, "geometry": { "type": "LineString", "coordinates": [ [ -91.752329, 15.604092 ], [ -91.751483, 15.605262 ], [ -91.751478, 15.605985 ] ] } }
,
{ "type": "Feature", "properties": { "ARCID": 31, "GRID_CODE": 1, "FROM_NODE": 52, "TO_NODE": 48, "Shape_Leng": 42.426407 }, "geometry": { "type": "LineString", "coordinates": [ [ -91.720434, 15.603908 ], [ -91.720712, 15.604181 ] ] } }
,
{ "type": "Feature", "properties": { "ARCID": 32, "GRID_CODE": 1, "FROM_NODE": 53, "TO_NODE": 18, "Shape_Leng": 1261.768374 }, "geometry": { "type": "LineString", "coordinates": [ [ -91.731628, 15.603431 ], [ -91.733947, 15.605523 ], [ -91.734873, 15.606613 ], [ -91.734871, 15.606975 ], [ -91.737095, 15.609337 ], [ -91.739881, 15.611342 ] ] } }
,
{ "type": "Feature", "properties": { "ARCID": 33, "GRID_CODE": 1, "FROM_NODE": 54, "TO_NODE": 35, "Shape_Leng": 553.005631 }, "geometry": { "type": "LineString", "coordinates": [ [ -91.759327, 15.603498 ], [ -91.759512, 15.603861 ], [ -91.759506, 15.604765 ], [ -91.760426, 15.606939 ], [ -91.760419, 15.608024 ], [ -91.760605, 15.608206 ] ] } }
,
{ "type": "Feature", "properties": { "ARCID": 34, "GRID_CODE": 1, "FROM_NODE": 55, "TO_NODE": 25, "Shape_Leng": 971.559374 }, "geometry": { "type": "LineString", "coordinates": [ [ -91.713443, 15.603235 ], [ -91.713440, 15.603777 ], [ -91.713625, 15.603959 ], [ -91.713612, 15.606128 ], [ -91.716762, 15.609400 ], [ -91.717321, 15.609584 ], [ -91.717877, 15.610130 ] ] } }
,
{ "type": "Feature", "properties": { "ARCID": 35, "GRID_CODE": 1, "FROM_NODE": 56, "TO_NODE": 54, "Shape_Leng": 42.426407 }, "geometry": { "type": "LineString", "coordinates": [ [ -91.759609, 15.603229 ], [ -91.759327, 15.603498 ] ] } }
,
{ "type": "Feature", "properties": { "ARCID": 36, "GRID_CODE": 1, "FROM_NODE": 57, "TO_NODE": 55, "Shape_Leng": 82.426407 }, "geometry": { "type": "LineString", "coordinates": [ [ -91.713727, 15.602604 ], [ -91.713445, 15.602873 ], [ -91.713443, 15.603235 ] ] } }
,
{ "type": "Feature", "properties": { "ARCID": 37, "GRID_CODE": 1, "FROM_NODE": 58, "TO_NODE": 55, "Shape_Leng": 142.126704 }, "geometry": { "type": "LineString", "coordinates": [ [ -91.712610, 15.602236 ], [ -91.713443, 15.603235 ] ] } }
,
{ "type": "Feature", "properties": { "ARCID": 38, "GRID_CODE": 1, "FROM_NODE": 59, "TO_NODE": 46, "Shape_Leng": 746.754453 }, "geometry": { "type": "LineString", "coordinates": [ [ -91.733874, 15.602269 ], [ -91.734527, 15.602272 ], [ -91.735084, 15.602637 ], [ -91.735457, 15.602639 ], [ -91.737871, 15.604461 ], [ -91.738990, 15.604467 ], [ -91.739919, 15.605015 ] ] } }
,
{ "type": "Feature", "properties": { "ARCID": 39, "GRID_CODE": 1, "FROM_NODE": 60, "TO_NODE": 25, "Shape_Leng": 1009.204437 }, "geometry": { "type": "LineString", "coordinates": [ [ -91.716062, 15.602075 ], [ -91.716054, 15.603250 ], [ -91.716604, 15.604880 ], [ -91.718459, 15.606518 ], [ -91.718451, 15.607783 ], [ -91.718264, 15.607963 ], [ -91.718259, 15.608686 ], [ -91.717883, 15.609226 ], [ -91.717877, 15.610130 ] ] } }
,
{ "type": "Feature", "properties": { "ARCID": 40, "GRID_CODE": 1, "FROM_NODE": 61, "TO_NODE": 14, "Shape_Leng": 1600.699751 }, "geometry": { "type": "LineString", "coordinates": [ [ -91.764658, 15.601088 ], [ -91.765678, 15.602088 ], [ -91.766793, 15.602817 ], [ -91.767904, 15.604089 ], [ -91.768084, 15.605175 ], [ -91.768822, 15.606625 ], [ -91.769003, 15.607530 ], [ -91.769745, 15.608257 ], [ -91.769740, 15.608980 ], [ -91.770474, 15.611154 ], [ -91.770469, 15.611877 ], [ -91.771206, 15.613418 ] ] } }
,
{ "type": "Feature", "properties": { "ARCID": 41, "GRID_CODE": 1, "FROM_NODE": 63, "TO_NODE": 64, "Shape_Leng": 28.284271 }, "geometry": { "type": "LineString", "coordinates": [ [ -91.777904, 15.600620 ], [ -91.778090, 15.600802 ] ] } }
,
{ "type": "Feature", "properties": { "ARCID": 42, "GRID_CODE": 1, "FROM_NODE": 65, "TO_NODE": 46, "Shape_Leng": 535.780267 }, "geometry": { "type": "LineString", "coordinates": [ [ -91.738455, 15.600487 ], [ -91.738451, 15.601030 ], [ -91.739740, 15.603749 ], [ -91.739735, 15.604652 ], [ -91.739919, 15.605015 ] ] } }
,
{ "type": "Feature", "properties": { "ARCID": 43, "GRID_CODE": 1, "FROM_NODE": 66, "TO_NODE": 36, "Shape_Leng": 901.893714 }, "geometry": { "type": "LineString", "coordinates": [ [ -91.743959, 15.600248 ], [ -91.744422, 15.600702 ], [ -91.744973, 15.602152 ], [ -91.744750, 15.608116 ] ] } }
,
{ "type": "Feature", "properties": { "ARCID": 44, "GRID_CODE": 1, "FROM_NODE": 67, "TO_NODE": 65, "Shape_Leng": 28.284271 }, "geometry": { "type": "LineString", "coordinates": [ [ -91.738269, 15.600305 ], [ -91.738455, 15.600487 ] ] } }
,
{ "type": "Feature", "properties": { "ARCID": 45, "GRID_CODE": 1, "FROM_NODE": 68, "TO_NODE": 43, "Shape_Leng": 726.694332 }, "geometry": { "type": "LineString", "coordinates": [ [ -91.749649, 15.600009 ], [ -91.749630, 15.603082 ], [ -91.750000, 15.603626 ], [ -91.750181, 15.604531 ], [ -91.751478, 15.605985 ] ] } }
,
{ "type": "Feature", "properties": { "ARCID": 46, "GRID_CODE": 1, "FROM_NODE": 70, "TO_NODE": 68, "Shape_Leng": 236.963839 }, "geometry": { "type": "LineString", "coordinates": [ [ -91.751520, 15.599116 ], [ -91.750958, 15.599474 ], [ -91.750212, 15.599470 ], [ -91.749649, 15.600009 ] ] } }
,
{ "type": "Feature", "properties": { "ARCID": 47, "GRID_CODE": 1, "FROM_NODE": 71, "TO_NODE": 38, "Shape_Leng": 1097.054868 }, "geometry": { "type": "LineString", "coordinates": [ [ -91.725501, 15.598876 ], [ -91.726705, 15.600239 ], [ -91.726701, 15.600962 ], [ -91.727254, 15.602050 ], [ -91.728551, 15.603323 ], [ -91.728547, 15.604046 ], [ -91.728917, 15.604590 ], [ -91.728914, 15.604952 ], [ -91.729471, 15.605497 ], [ -91.729464, 15.606582 ], [ -91.729833, 15.607307 ] ] } }
,
{ "type": "Feature", "properties": { "ARCID": 48, "GRID_CODE": 1, "FROM_NODE": 72, "TO_NODE": 70, "Shape_Leng": 296.517823 }, "geometry": { "type": "LineString", "coordinates": [ [ -91.754043, 15.598316 ], [ -91.753761, 15.598586 ], [ -91.752828, 15.598761 ], [ -91.752266, 15.599120 ], [ -91.751520, 15.599116 ] ] } }
,
{ "type": "Feature", "properties": { "ARCID": 49, "GRID_CODE": 1, "FROM_NODE": 73, "TO_NODE": 65, "Shape_Leng": 272.046505 }, "geometry": { "type": "LineString", "coordinates": [ [ -91.739400, 15.598323 ], [ -91.738460, 15.599583 ], [ -91.738455, 15.600487 ] ] } }
,
{ "type": "Feature", "properties": { "ARCID": 50, "GRID_CODE": 1, "FROM_NODE": 74, "TO_NODE": 54, "Shape_Leng": 615.278153 }, "geometry": { "type": "LineString", "coordinates": [ [ -91.758613, 15.598161 ], [ -91.758774, 15.602411 ], [ -91.759331, 15.602956 ], [ -91.759327, 15.603498 ] ] } }
,
{ "type": "Feature", "properties": { "ARCID": 51, "GRID_CODE": 1, "FROM_NODE": 75, "TO_NODE": 62, "Shape_Leng": 728.976550 }, "geometry": { "type": "LineString", "coordinates": [ [ -91.710029, 15.597339 ], [ -91.708439, 15.598144 ], [ -91.706571, 15.598494 ], [ -91.705446, 15.599572 ], [ -91.705442, 15.600114 ], [ -91.704971, 15.600925 ] ] } }
,
{ "type": "Feature", "properties": { "ARCID": 52, "GRID_CODE": 1, "FROM_NODE": 77, "TO_NODE": 73, "Shape_Leng": 233.159028 }, "geometry": { "type": "LineString", "coordinates": [ [ -91.741180, 15.597158 ], [ -91.740523, 15.597787 ], [ -91.739400, 15.598323 ] ] } }
,
{ "type": "Feature", "properties": { "ARCID": 53, "GRID_CODE": 1, "FROM_NODE": 78, "TO_NODE": 68, "Shape_Leng": 361.340397 }, "geometry": { "type": "LineString", "coordinates": [ [ -91.749295, 15.596934 ], [ -91.749849, 15.597841 ], [ -91.749838, 15.599648 ], [ -91.749649, 15.600009 ] ] } }
,
{ "type": "Feature", "properties": { "ARCID": 54, "GRID_CODE": 1, "FROM_NODE": 80, "TO_NODE": 78, "Shape_Leng": 188.028605 }, "geometry": { "type": "LineString", "coordinates": [ [ -91.747713, 15.596292 ], [ -91.747991, 15.596565 ], [ -91.749295, 15.596934 ] ] } }
,
{ "type": "Feature", "properties": { "ARCID": 55, "GRID_CODE": 1, "FROM_NODE": 83, "TO_NODE": 67, "Shape_Leng": 600.284100 }, "geometry": { "type": "LineString", "coordinates": [ [ -91.735313, 15.595769 ], [ -91.736417, 15.598125 ], [ -91.737530, 15.599216 ], [ -91.738269, 15.600305 ] ] } }
,
{ "type": "Feature", "properties": { "ARCID": 56, "GRID_CODE": 1, "FROM_NODE": 84, "TO_NODE": 67, "Shape_Leng": 1429.515433 }, "geometry": { "type": "LineString", "coordinates": [ [ -91.726640, 15.595629 ], [ -91.727288, 15.596446 ], [ -91.728772, 15.597720 ], [ -91.729331, 15.597904 ], [ -91.731942, 15.597919 ], [ -91.733244, 15.598469 ], [ -91.733801, 15.599014 ], [ -91.735474, 15.599928 ], [ -91.737898, 15.599942 ], [ -91.738269, 15.600305 ] ] } }
,
{ "type": "Feature", "properties": { "ARCID": 57, "GRID_CODE": 1, "FROM_NODE": 86, "TO_NODE": 83, "Shape_Leng": 226.491106 }, "geometry": { "type": "LineString", "coordinates": [ [ -91.733453, 15.594854 ], [ -91.734196, 15.595401 ], [ -91.735313, 15.595769 ] ] } }
,
{ "type": "Feature", "properties": { "ARCID": 58, "GRID_CODE": 1, "FROM_NODE": 85, "TO_NODE": 86, "Shape_Leng": 131.529464 }, "geometry": { "type": "LineString", "coordinates": [ [ -91.732240, 15.595028 ], [ -91.733453, 15.594854 ] ] } }
,
{ "type": "Feature", "properties": { "ARCID": 59, "GRID_CODE": 1, "FROM_NODE": 87, "TO_NODE": 82, "Shape_Leng": 160.776872 }, "geometry": { "type": "LineString", "coordinates": [ [ -91.700815, 15.594483 ], [ -91.700626, 15.594844 ], [ -91.700621, 15.595567 ], [ -91.700806, 15.595839 ] ] } }
,
{ "type": "Feature", "properties": { "ARCID": 60, "GRID_CODE": 1, "FROM_NODE": 88, "TO_NODE": 38, "Shape_Leng": 2000.172223 }, "geometry": { "type": "LineString", "coordinates": [ [ -91.718442, 15.594225 ], [ -91.719653, 15.594413 ], [ -91.720395, 15.595140 ], [ -91.721133, 15.596410 ], [ -91.721131, 15.596772 ], [ -91.722611, 15.598769 ], [ -91.722971, 15.600759 ], [ -91.724453, 15.602395 ], [ -91.724450, 15.602937 ], [ -91.726119, 15.604574 ], [ -91.727792, 15.605488 ], [ -91.729833, 15.607307 ] ] } }
,
{ "type": "Feature", "properties": { "ARCID": 61, "GRID_CODE": 1, "FROM_NODE": 89, "TO_NODE": 79, "Shape_Leng": 543.372036 }, "geometry": { "type": "LineString", "coordinates": [ [ -91.777009, 15.594287 ], [ -91.778585, 15.595833 ], [ -91.780448, 15.596205 ], [ -91.781098, 15.596841 ] ] } }
,
{ "type": "Feature", "properties": { "ARCID": 62, "GRID_CODE": 1, "FROM_NODE": 90, "TO_NODE": 91, "Shape_Leng": 28.284271 }, "geometry": { "type": "LineString", "coordinates": [ [ -91.696066, 15.593280 ], [ -91.695878, 15.593460 ] ] } }
,
{ "type": "Feature", "properties": { "ARCID": 63, "GRID_CODE": 1, "FROM_NODE": 92, "TO_NODE": 73, "Shape_Leng": 576.568542 }, "geometry": { "type": "LineString", "coordinates": [ [ -91.739431, 15.593262 ], [ -91.739244, 15.593441 ], [ -91.739222, 15.597057 ], [ -91.739407, 15.597239 ], [ -91.739400, 15.598323 ] ] } }
,
{ "type": "Feature", "properties": { "ARCID": 64, "GRID_CODE": 1, "FROM_NODE": 93, "TO_NODE": 45, "Shape_Leng": 2549.103535 }, "geometry": { "type": "LineString", "coordinates": [ [ -91.758737, 15.593100 ], [ -91.762915, 15.596288 ], [ -91.765706, 15.597388 ], [ -91.766633, 15.598297 ], [ -91.767564, 15.598664 ], [ -91.768120, 15.599209 ], [ -91.769049, 15.599757 ], [ -91.769422, 15.599759 ], [ -91.770351, 15.600487 ], [ -91.771282, 15.600673 ], [ -91.772209, 15.601582 ], [ -91.773515, 15.601590 ], [ -91.775003, 15.602321 ], [ -91.776301, 15.603594 ], [ -91.776860, 15.603778 ], [ -91.776854, 15.604681 ], [ -91.776667, 15.604861 ], [ -91.776942, 15.605586 ] ] } }
,
{ "type": "Feature", "properties": { "ARCID": 65, "GRID_CODE": 1, "FROM_NODE": 94, "TO_NODE": 92, "Shape_Leng": 129.369641 }, "geometry": { "type": "LineString", "coordinates": [ [ -91.740461, 15.592725 ], [ -91.739807, 15.592902 ], [ -91.739431, 15.593262 ] ] } }
,
{ "type": "Feature", "properties": { "ARCID": 66, "GRID_CODE": 1, "FROM_NODE": 95, "TO_NODE": 78, "Shape_Leng": 511.932429 }, "geometry": { "type": "LineString", "coordinates": [ [ -91.750067, 15.592599 ], [ -91.750236, 15.595493 ], [ -91.749484, 15.596392 ], [ -91.749295, 15.596934 ] ] } }
,
{ "type": "Feature", "properties": { "ARCID": 67, "GRID_CODE": 1, "FROM_NODE": 96, "TO_NODE": 81, "Shape_Leng": 639.872747 }, "geometry": { "type": "LineString", "coordinates": [ [ -91.706703, 15.592349 ], [ -91.706423, 15.592347 ], [ -91.704359, 15.594323 ], [ -91.703044, 15.595943 ], [ -91.702390, 15.596029 ] ] } }
,
{ "type": "Feature", "properties": { "ARCID": 68, "GRID_CODE": 1, "FROM_NODE": 97, "TO_NODE": 92, "Shape_Leng": 120.000000 }, "geometry": { "type": "LineString", "coordinates": [ [ -91.739438, 15.592177 ], [ -91.739431, 15.593262 ] ] } }
,
{ "type": "Feature", "properties": { "ARCID": 69, "GRID_CODE": 1, "FROM_NODE": 98, "TO_NODE": 69, "Shape_Leng": 1297.763718 }, "geometry": { "type": "LineString", "coordinates": [ [ -91.713233, 15.592025 ], [ -91.712767, 15.592023 ], [ -91.711270, 15.592737 ], [ -91.709584, 15.593992 ], [ -91.707901, 15.594706 ], [ -91.704337, 15.597939 ], [ -91.704423, 15.599024 ] ] } }
,
{ "type": "Feature", "properties": { "ARCID": 70, "GRID_CODE": 1, "FROM_NODE": 99, "TO_NODE": 97, "Shape_Leng": 30.000000 }, "geometry": { "type": "LineString", "coordinates": [ [ -91.739440, 15.591906 ], [ -91.739438, 15.592177 ] ] } }
,
{ "type": "Feature", "properties": { "ARCID": 71, "GRID_CODE": 1, "FROM_NODE": 101, "TO_NODE": 70, "Shape_Leng": 952.219081 }, "geometry": { "type": "LineString", "coordinates": [ [ -91.755482, 15.591636 ], [ -91.755288, 15.592810 ], [ -91.754533, 15.594252 ], [ -91.752469, 15.596409 ], [ -91.751520, 15.599116 ] ] } }
,
{ "type": "Feature", "properties": { "ARCID": 72, "GRID_CODE": 1, "FROM_NODE": 102, "TO_NODE": 95, "Shape_Leng": 169.705627 }, "geometry": { "type": "LineString", "coordinates": [ [ -91.751193, 15.591521 ], [ -91.750067, 15.592599 ] ] } }
,
{ "type": "Feature", "properties": { "ARCID": 73, "GRID_CODE": 1, "FROM_NODE": 103, "TO_NODE": 87, "Shape_Leng": 382.111026 }, "geometry": { "type": "LineString", "coordinates": [ [ -91.700463, 15.591137 ], [ -91.700447, 15.593577 ], [ -91.700817, 15.594122 ], [ -91.700815, 15.594483 ] ] } }
,
{ "type": "Feature", "properties": { "ARCID": 74, "GRID_CODE": 1, "FROM_NODE": 104, "TO_NODE": 86, "Shape_Leng": 664.778728 }, "geometry": { "type": "LineString", "coordinates": [ [ -91.728814, 15.591031 ], [ -91.729370, 15.591577 ], [ -91.730487, 15.591945 ], [ -91.731971, 15.593219 ], [ -91.733453, 15.594854 ] ] } }
,
{ "type": "Feature", "properties": { "ARCID": 75, "GRID_CODE": 1, "FROM_NODE": 106, "TO_NODE": 102, "Shape_Leng": 127.279221 }, "geometry": { "type": "LineString", "coordinates": [ [ -91.752037, 15.590712 ], [ -91.751193, 15.591521 ] ] } }
,
{ "type": "Feature", "properties": { "ARCID": 76, "GRID_CODE": 1, "FROM_NODE": 107, "TO_NODE": 104, "Shape_Leng": 587.713798 }, "geometry": { "type": "LineString", "coordinates": [ [ -91.723688, 15.590369 ], [ -91.724523, 15.591187 ], [ -91.728814, 15.591031 ] ] } }
,
{ "type": "Feature", "properties": { "ARCID": 77, "GRID_CODE": 1, "FROM_NODE": 108, "TO_NODE": 87, "Shape_Leng": 661.354470 }, "geometry": { "type": "LineString", "coordinates": [ [ -91.704388, 15.589804 ], [ -91.702699, 15.591421 ], [ -91.702128, 15.593225 ], [ -91.700815, 15.594483 ] ] } }
,
{ "type": "Feature", "properties": { "ARCID": 78, "GRID_CODE": 1, "FROM_NODE": 109, "TO_NODE": 100, "Shape_Leng": 296.010752 }, "geometry": { "type": "LineString", "coordinates": [ [ -91.694783, 15.589657 ], [ -91.693378, 15.590643 ], [ -91.693372, 15.591637 ] ] } }
,
{ "type": "Feature", "properties": { "ARCID": 79, "GRID_CODE": 1, "FROM_NODE": 110, "TO_NODE": 102, "Shape_Leng": 210.000000 }, "geometry": { "type": "LineString", "coordinates": [ [ -91.751204, 15.589623 ], [ -91.751193, 15.591521 ] ] } }
,
{ "type": "Feature", "properties": { "ARCID": 80, "GRID_CODE": 1, "FROM_NODE": 105, "TO_NODE": 112, "Shape_Leng": 269.072481 }, "geometry": { "type": "LineString", "coordinates": [ [ -91.780385, 15.591233 ], [ -91.782259, 15.589616 ] ] } }
,
{ "type": "Feature", "properties": { "ARCID": 81, "GRID_CODE": 1, "FROM_NODE": 113, "TO_NODE": 83, "Shape_Leng": 738.725224 }, "geometry": { "type": "LineString", "coordinates": [ [ -91.734232, 15.589436 ], [ -91.734230, 15.589797 ], [ -91.734784, 15.590704 ], [ -91.734582, 15.593234 ], [ -91.734952, 15.593778 ], [ -91.735127, 15.595587 ], [ -91.735313, 15.595769 ] ] } }
,
{ "type": "Feature", "properties": { "ARCID": 82, "GRID_CODE": 1, "FROM_NODE": 114, "TO_NODE": 108, "Shape_Leng": 72.111026 }, "geometry": { "type": "LineString", "coordinates": [ [ -91.704764, 15.589264 ], [ -91.704388, 15.589804 ] ] } }
,
{ "type": "Feature", "properties": { "ARCID": 83, "GRID_CODE": 1, "FROM_NODE": 115, "TO_NODE": 116, "Shape_Leng": 28.284271 }, "geometry": { "type": "LineString", "coordinates": [ [ -91.781516, 15.589070 ], [ -91.781704, 15.588890 ] ] } }
,
{ "type": "Feature", "properties": { "ARCID": 84, "GRID_CODE": 1, "FROM_NODE": 117, "TO_NODE": 108, "Shape_Leng": 402.666511 }, "geometry": { "type": "LineString", "coordinates": [ [ -91.707568, 15.588196 ], [ -91.706819, 15.588734 ], [ -91.705326, 15.588906 ], [ -91.704388, 15.589804 ] ] } }
,
{ "type": "Feature", "properties": { "ARCID": 85, "GRID_CODE": 1, "FROM_NODE": 119, "TO_NODE": 95, "Shape_Leng": 596.101009 }, "geometry": { "type": "LineString", "coordinates": [ [ -91.747109, 15.588244 ], [ -91.747291, 15.588968 ], [ -91.748032, 15.589876 ], [ -91.748028, 15.590418 ], [ -91.750067, 15.592599 ] ] } }
,
{ "type": "Feature", "properties": { "ARCID": 86, "GRID_CODE": 1, "FROM_NODE": 120, "TO_NODE": 117, "Shape_Leng": 121.655251 }, "geometry": { "type": "LineString", "coordinates": [ [ -91.708689, 15.588022 ], [ -91.707568, 15.588196 ] ] } }
,
{ "type": "Feature", "properties": { "ARCID": 87, "GRID_CODE": 1, "FROM_NODE": 121, "TO_NODE": 117, "Shape_Leng": 42.426407 }, "geometry": { "type": "LineString", "coordinates": [ [ -91.707850, 15.587926 ], [ -91.707568, 15.588196 ] ] } }
,
{ "type": "Feature", "properties": { "ARCID": 88, "GRID_CODE": 1, "FROM_NODE": 122, "TO_NODE": 113, "Shape_Leng": 295.765781 }, "geometry": { "type": "LineString", "coordinates": [ [ -91.732940, 15.587259 ], [ -91.732937, 15.587801 ], [ -91.733304, 15.588707 ], [ -91.734232, 15.589436 ] ] } }
,
{ "type": "Feature", "properties": { "ARCID": 89, "GRID_CODE": 1, "FROM_NODE": 123, "TO_NODE": 97, "Shape_Leng": 607.813059 }, "geometry": { "type": "LineString", "coordinates": [ [ -91.738910, 15.587022 ], [ -91.739083, 15.589283 ], [ -91.738706, 15.589823 ], [ -91.738702, 15.590546 ], [ -91.739256, 15.591453 ], [ -91.739253, 15.591995 ], [ -91.739438, 15.592177 ] ] } }
,
{ "type": "Feature", "properties": { "ARCID": 90, "GRID_CODE": 1, "FROM_NODE": 124, "TO_NODE": 120, "Shape_Leng": 691.172148 }, "geometry": { "type": "LineString", "coordinates": [ [ -91.714571, 15.586881 ], [ -91.712044, 15.588403 ], [ -91.710178, 15.588392 ], [ -91.709621, 15.588027 ], [ -91.708689, 15.588022 ] ] } }
,
{ "type": "Feature", "properties": { "ARCID": 91, "GRID_CODE": 1, "FROM_NODE": 127, "TO_NODE": 113, "Shape_Leng": 371.638645 }, "geometry": { "type": "LineString", "coordinates": [ [ -91.735649, 15.586461 ], [ -91.734427, 15.588171 ], [ -91.734232, 15.589436 ] ] } }
,
{ "type": "Feature", "properties": { "ARCID": 92, "GRID_CODE": 1, "FROM_NODE": 128, "TO_NODE": 122, "Shape_Leng": 136.619038 }, "geometry": { "type": "LineString", "coordinates": [ [ -91.732012, 15.586530 ], [ -91.732941, 15.587078 ], [ -91.732940, 15.587259 ] ] } }
,
{ "type": "Feature", "properties": { "ARCID": 93, "GRID_CODE": 1, "FROM_NODE": 126, "TO_NODE": 125, "Shape_Leng": 74.049183 }, "geometry": { "type": "LineString", "coordinates": [ [ -91.778732, 15.586885 ], [ -91.779013, 15.586615 ], [ -91.779292, 15.586707 ] ] } }
,
{ "type": "Feature", "properties": { "ARCID": 94, "GRID_CODE": 1, "FROM_NODE": 129, "TO_NODE": 122, "Shape_Leng": 142.126704 }, "geometry": { "type": "LineString", "coordinates": [ [ -91.733785, 15.586269 ], [ -91.732940, 15.587259 ] ] } }
,
{ "type": "Feature", "properties": { "ARCID": 95, "GRID_CODE": 1, "FROM_NODE": 130, "TO_NODE": 128, "Shape_Leng": 58.309519 }, "geometry": { "type": "LineString", "coordinates": [ [ -91.731547, 15.586256 ], [ -91.732012, 15.586530 ] ] } }
,
{ "type": "Feature", "properties": { "ARCID": 96, "GRID_CODE": 1, "FROM_NODE": 131, "TO_NODE": 119, "Shape_Leng": 287.989899 }, "geometry": { "type": "LineString", "coordinates": [ [ -91.748427, 15.586172 ], [ -91.748425, 15.586624 ], [ -91.747111, 15.587882 ], [ -91.747109, 15.588244 ] ] } }
,
{ "type": "Feature", "properties": { "ARCID": 97, "GRID_CODE": 1, "FROM_NODE": 133, "TO_NODE": 76, "Shape_Leng": 2946.401017 }, "geometry": { "type": "LineString", "coordinates": [ [ -91.757289, 15.585771 ], [ -91.759986, 15.587051 ], [ -91.760357, 15.587415 ], [ -91.760722, 15.588683 ], [ -91.761649, 15.589592 ], [ -91.762021, 15.589775 ], [ -91.762954, 15.589780 ], [ -91.763880, 15.590870 ], [ -91.766857, 15.591971 ], [ -91.767972, 15.592700 ], [ -91.769278, 15.592708 ], [ -91.770765, 15.593620 ], [ -91.771324, 15.593623 ], [ -91.772440, 15.594172 ], [ -91.773367, 15.595081 ], [ -91.773927, 15.595084 ], [ -91.774671, 15.595450 ], [ -91.775227, 15.595995 ], [ -91.777643, 15.597455 ], [ -91.779134, 15.597644 ], [ -91.779320, 15.597826 ], [ -91.780253, 15.597740 ] ] } }
,
{ "type": "Feature", "properties": { "ARCID": 98, "GRID_CODE": 1, "FROM_NODE": 134, "TO_NODE": 119, "Shape_Leng": 345.248165 }, "geometry": { "type": "LineString", "coordinates": [ [ -91.745820, 15.585525 ], [ -91.746191, 15.585888 ], [ -91.746185, 15.586792 ], [ -91.747109, 15.588244 ] ] } }
,
{ "type": "Feature", "properties": { "ARCID": 99, "GRID_CODE": 1, "FROM_NODE": 135, "TO_NODE": 114, "Shape_Leng": 498.760077 }, "geometry": { "type": "LineString", "coordinates": [ [ -91.703672, 15.585009 ], [ -91.703850, 15.586366 ], [ -91.704218, 15.587091 ], [ -91.704397, 15.588358 ], [ -91.704768, 15.588722 ], [ -91.704764, 15.589264 ] ] } }
,
{ "type": "Feature", "properties": { "ARCID": 100, "GRID_CODE": 1, "FROM_NODE": 136, "TO_NODE": 128, "Shape_Leng": 241.421356 }, "geometry": { "type": "LineString", "coordinates": [ [ -91.731091, 15.584717 ], [ -91.731276, 15.584899 ], [ -91.731270, 15.585803 ], [ -91.732012, 15.586530 ] ] } }
,
{ "type": "Feature", "properties": { "ARCID": 101, "GRID_CODE": 1, "FROM_NODE": 137, "TO_NODE": 111, "Shape_Leng": 658.807832 }, "geometry": { "type": "LineString", "coordinates": [ [ -91.695097, 15.584326 ], [ -91.694533, 15.585046 ], [ -91.694525, 15.586311 ], [ -91.692360, 15.589462 ] ] } }
,
{ "type": "Feature", "properties": { "ARCID": 102, "GRID_CODE": 1, "FROM_NODE": 138, "TO_NODE": 136, "Shape_Leng": 50.000000 }, "geometry": { "type": "LineString", "coordinates": [ [ -91.731093, 15.584265 ], [ -91.731091, 15.584717 ] ] } }
,
{ "type": "Feature", "properties": { "ARCID": 103, "GRID_CODE": 1, "FROM_NODE": 139, "TO_NODE": 137, "Shape_Leng": 227.740970 }, "geometry": { "type": "LineString", "coordinates": [ [ -91.697056, 15.584157 ], [ -91.695472, 15.583967 ], [ -91.695097, 15.584326 ] ] } }
,
{ "type": "Feature", "properties": { "ARCID": 104, "GRID_CODE": 1, "FROM_NODE": 141, "TO_NODE": 142, "Shape_Leng": 10.000000 }, "geometry": { "type": "LineString", "coordinates": [ [ -91.776976, 15.584073 ], [ -91.777070, 15.584074 ] ] } }
,
{ "type": "Feature", "properties": { "ARCID": 105, "GRID_CODE": 1, "FROM_NODE": 118, "TO_NODE": 141, "Shape_Leng": 663.384356 }, "geometry": { "type": "LineString", "coordinates": [ [ -91.773313, 15.588482 ], [ -91.773971, 15.587672 ], [ -91.777159, 15.584797 ], [ -91.776976, 15.584073 ] ] } }
,
{ "type": "Feature", "properties": { "ARCID": 106, "GRID_CODE": 1, "FROM_NODE": 140, "TO_NODE": 141, "Shape_Leng": 58.309519 }, "geometry": { "type": "LineString", "coordinates": [ [ -91.776508, 15.584342 ], [ -91.776976, 15.584073 ] ] } }
,
{ "type": "Feature", "properties": { "ARCID": 107, "GRID_CODE": 1, "FROM_NODE": 143, "TO_NODE": 136, "Shape_Leng": 200.000000 }, "geometry": { "type": "LineString", "coordinates": [ [ -91.729980, 15.583265 ], [ -91.731091, 15.584717 ] ] } }
,
{ "type": "Feature", "properties": { "ARCID": 108, "GRID_CODE": 1, "FROM_NODE": 144, "TO_NODE": 134, "Shape_Leng": 428.018691 }, "geometry": { "type": "LineString", "coordinates": [ [ -91.742664, 15.583157 ], [ -91.745820, 15.585525 ] ] } }
,
{ "type": "Feature", "properties": { "ARCID": 109, "GRID_CODE": 1, "FROM_NODE": 146, "TO_NODE": 143, "Shape_Leng": 50.000000 }, "geometry": { "type": "LineString", "coordinates": [ [ -91.729983, 15.582813 ], [ -91.729980, 15.583265 ] ] } }
,
{ "type": "Feature", "properties": { "ARCID": 110, "GRID_CODE": 1, "FROM_NODE": 147, "TO_NODE": 104, "Shape_Leng": 1541.862761 }, "geometry": { "type": "LineString", "coordinates": [ [ -91.718419, 15.582836 ], [ -91.721014, 15.585563 ], [ -91.721195, 15.586468 ], [ -91.722492, 15.587741 ], [ -91.723051, 15.587925 ], [ -91.723607, 15.588470 ], [ -91.726216, 15.588847 ], [ -91.726772, 15.589392 ], [ -91.728261, 15.589943 ], [ -91.728631, 15.590307 ], [ -91.728628, 15.590849 ], [ -91.728814, 15.591031 ] ] } }
,
{ "type": "Feature", "properties": { "ARCID": 111, "GRID_CODE": 1, "FROM_NODE": 132, "TO_NODE": 148, "Shape_Leng": 398.166472 }, "geometry": { "type": "LineString", "coordinates": [ [ -91.768944, 15.586107 ], [ -91.769328, 15.584211 ], [ -91.770455, 15.582952 ] ] } }
,
{ "type": "Feature", "properties": { "ARCID": 112, "GRID_CODE": 1, "FROM_NODE": 145, "TO_NODE": 148, "Shape_Leng": 171.172428 }, "geometry": { "type": "LineString", "coordinates": [ [ -91.768869, 15.583124 ], [ -91.770455, 15.582952 ] ] } }
,
{ "type": "Feature", "properties": { "ARCID": 113, "GRID_CODE": 1, "FROM_NODE": 149, "TO_NODE": 147, "Shape_Leng": 30.000000 }, "geometry": { "type": "LineString", "coordinates": [ [ -91.718421, 15.582565 ], [ -91.718419, 15.582836 ] ] } }
,
{ "type": "Feature", "properties": { "ARCID": 114, "GRID_CODE": 1, "FROM_NODE": 150, "TO_NODE": 134, "Shape_Leng": 350.000000 }, "geometry": { "type": "LineString", "coordinates": [ [ -91.745279, 15.582539 ], [ -91.745265, 15.584799 ], [ -91.745820, 15.585525 ] ] } }
,
{ "type": "Feature", "properties": { "ARCID": 115, "GRID_CODE": 1, "FROM_NODE": 154, "TO_NODE": 144, "Shape_Leng": 158.284271 }, "geometry": { "type": "LineString", "coordinates": [ [ -91.742485, 15.581800 ], [ -91.742478, 15.582975 ], [ -91.742664, 15.583157 ] ] } }
,
{ "type": "Feature", "properties": { "ARCID": 116, "GRID_CODE": 1, "FROM_NODE": 151, "TO_NODE": 155, "Shape_Leng": 86.023253 }, "geometry": { "type": "LineString", "coordinates": [ [ -91.771671, 15.582326 ], [ -91.772141, 15.581696 ] ] } }
,
{ "type": "Feature", "properties": { "ARCID": 117, "GRID_CODE": 1, "FROM_NODE": 148, "TO_NODE": 155, "Shape_Leng": 232.951181 }, "geometry": { "type": "LineString", "coordinates": [ [ -91.770455, 15.582952 ], [ -91.771016, 15.582775 ], [ -91.772141, 15.581696 ] ] } }
,
{ "type": "Feature", "properties": { "ARCID": 118, "GRID_CODE": 1, "FROM_NODE": 156, "TO_NODE": 143, "Shape_Leng": 256.124969 }, "geometry": { "type": "LineString", "coordinates": [ [ -91.728499, 15.581448 ], [ -91.729980, 15.583265 ] ] } }
,
{ "type": "Feature", "properties": { "ARCID": 119, "GRID_CODE": 1, "FROM_NODE": 157, "TO_NODE": 156, "Shape_Leng": 178.994949 }, "geometry": { "type": "LineString", "coordinates": [ [ -91.727101, 15.581350 ], [ -91.727383, 15.581080 ], [ -91.728129, 15.581085 ], [ -91.728499, 15.581448 ] ] } }
,
{ "type": "Feature", "properties": { "ARCID": 120, "GRID_CODE": 1, "FROM_NODE": 155, "TO_NODE": 158, "Shape_Leng": 72.111026 }, "geometry": { "type": "LineString", "coordinates": [ [ -91.772141, 15.581696 ], [ -91.772517, 15.581156 ] ] } }
,
{ "type": "Feature", "properties": { "ARCID": 121, "GRID_CODE": 1, "FROM_NODE": 152, "TO_NODE": 158, "Shape_Leng": 320.867519 }, "geometry": { "type": "LineString", "coordinates": [ [ -91.769808, 15.582045 ], [ -91.771022, 15.581690 ], [ -91.771955, 15.581695 ], [ -91.772517, 15.581156 ] ] } }
,
{ "type": "Feature", "properties": { "ARCID": 122, "GRID_CODE": 1, "FROM_NODE": 162, "TO_NODE": 137, "Shape_Leng": 625.790497 }, "geometry": { "type": "LineString", "coordinates": [ [ -91.697924, 15.579643 ], [ -91.697360, 15.580362 ], [ -91.697356, 15.580905 ], [ -91.696981, 15.581264 ], [ -91.696979, 15.581625 ], [ -91.695664, 15.583064 ], [ -91.695662, 15.583425 ], [ -91.695097, 15.584326 ] ] } }
,
{ "type": "Feature", "properties": { "ARCID": 123, "GRID_CODE": 1, "FROM_NODE": 158, "TO_NODE": 163, "Shape_Leng": 216.312876 }, "geometry": { "type": "LineString", "coordinates": [ [ -91.772517, 15.581156 ], [ -91.772898, 15.579893 ], [ -91.773367, 15.579443 ] ] } }
,
{ "type": "Feature", "properties": { "ARCID": 124, "GRID_CODE": 1, "FROM_NODE": 165, "TO_NODE": 156, "Shape_Leng": 289.824249 }, "geometry": { "type": "LineString", "coordinates": [ [ -91.727207, 15.579272 ], [ -91.727573, 15.580539 ], [ -91.728130, 15.580904 ], [ -91.728499, 15.581448 ] ] } }
,
{ "type": "Feature", "properties": { "ARCID": 125, "GRID_CODE": 1, "FROM_NODE": 166, "TO_NODE": 144, "Shape_Leng": 767.770326 }, "geometry": { "type": "LineString", "coordinates": [ [ -91.737000, 15.579057 ], [ -91.738392, 15.580240 ], [ -91.738765, 15.580242 ], [ -91.740434, 15.581698 ], [ -91.742664, 15.583157 ] ] } }
,
{ "type": "Feature", "properties": { "ARCID": 126, "GRID_CODE": 1, "FROM_NODE": 153, "TO_NODE": 167, "Shape_Leng": 510.569703 }, "geometry": { "type": "LineString", "coordinates": [ [ -91.756193, 15.581968 ], [ -91.756659, 15.581971 ], [ -91.757972, 15.580713 ], [ -91.757976, 15.580170 ], [ -91.758353, 15.579449 ], [ -91.759103, 15.578731 ] ] } }
,
{ "type": "Feature", "properties": { "ARCID": 127, "GRID_CODE": 1, "FROM_NODE": 164, "TO_NODE": 167, "Shape_Leng": 691.553745 }, "geometry": { "type": "LineString", "coordinates": [ [ -91.752851, 15.579418 ], [ -91.754063, 15.579425 ], [ -91.754812, 15.579068 ], [ -91.758542, 15.579089 ], [ -91.759103, 15.578731 ] ] } }
,
{ "type": "Feature", "properties": { "ARCID": 128, "GRID_CODE": 1, "FROM_NODE": 168, "TO_NODE": 147, "Shape_Leng": 651.193816 }, "geometry": { "type": "LineString", "coordinates": [ [ -91.714998, 15.578206 ], [ -91.715460, 15.578842 ], [ -91.716008, 15.580653 ], [ -91.716378, 15.581197 ], [ -91.718419, 15.582836 ] ] } }
,
{ "type": "Feature", "properties": { "ARCID": 129, "GRID_CODE": 1, "FROM_NODE": 170, "TO_NODE": 165, "Shape_Leng": 459.495306 }, "geometry": { "type": "LineString", "coordinates": [ [ -91.723391, 15.578165 ], [ -91.724974, 15.578535 ], [ -91.725345, 15.578899 ], [ -91.726277, 15.578905 ], [ -91.726465, 15.578725 ], [ -91.727207, 15.579272 ] ] } }
,
{ "type": "Feature", "properties": { "ARCID": 130, "GRID_CODE": 1, "FROM_NODE": 160, "TO_NODE": 171, "Shape_Leng": 290.688837 }, "geometry": { "type": "LineString", "coordinates": [ [ -91.760398, 15.580455 ], [ -91.760601, 15.577835 ] ] } }
,
{ "type": "Feature", "properties": { "ARCID": 131, "GRID_CODE": 1, "FROM_NODE": 167, "TO_NODE": 171, "Shape_Leng": 195.599198 }, "geometry": { "type": "LineString", "coordinates": [ [ -91.759103, 15.578731 ], [ -91.759850, 15.578554 ], [ -91.760601, 15.577835 ] ] } }
,
{ "type": "Feature", "properties": { "ARCID": 132, "GRID_CODE": 1, "FROM_NODE": 172, "TO_NODE": 120, "Shape_Leng": 1376.466204 }, "geometry": { "type": "LineString", "coordinates": [ [ -91.713231, 15.577473 ], [ -91.713226, 15.578286 ], [ -91.713411, 15.578468 ], [ -91.713395, 15.580999 ], [ -91.713208, 15.581179 ], [ -91.713204, 15.581721 ], [ -91.711885, 15.583883 ], [ -91.711689, 15.585508 ], [ -91.709249, 15.587844 ], [ -91.708689, 15.588022 ] ] } }
,
{ "type": "Feature", "properties": { "ARCID": 133, "GRID_CODE": 1, "FROM_NODE": 161, "TO_NODE": 173, "Shape_Leng": 312.801099 }, "geometry": { "type": "LineString", "coordinates": [ [ -91.766368, 15.580308 ], [ -91.766558, 15.579676 ], [ -91.766571, 15.577507 ] ] } }
,
{ "type": "Feature", "properties": { "ARCID": 134, "GRID_CODE": 1, "FROM_NODE": 169, "TO_NODE": 173, "Shape_Leng": 155.563492 }, "geometry": { "type": "LineString", "coordinates": [ [ -91.765539, 15.578496 ], [ -91.766571, 15.577507 ] ] } }
,
{ "type": "Feature", "properties": { "ARCID": 135, "GRID_CODE": 1, "FROM_NODE": 159, "TO_NODE": 174, "Shape_Leng": 450.000000 }, "geometry": { "type": "LineString", "coordinates": [ [ -91.761514, 15.581004 ], [ -91.761539, 15.576937 ] ] } }
,
{ "type": "Feature", "properties": { "ARCID": 136, "GRID_CODE": 1, "FROM_NODE": 171, "TO_NODE": 174, "Shape_Leng": 141.421356 }, "geometry": { "type": "LineString", "coordinates": [ [ -91.760601, 15.577835 ], [ -91.761539, 15.576937 ] ] } }
,
{ "type": "Feature", "properties": { "ARCID": 137, "GRID_CODE": 1, "FROM_NODE": 175, "TO_NODE": 165, "Shape_Leng": 499.564652 }, "geometry": { "type": "LineString", "coordinates": [ [ -91.724151, 15.575909 ], [ -91.725170, 15.576910 ], [ -91.725539, 15.577635 ], [ -91.727207, 15.579272 ] ] } }
,
{ "type": "Feature", "properties": { "ARCID": 138, "GRID_CODE": 1, "FROM_NODE": 176, "TO_NODE": 177, "Shape_Leng": 50.000000 }, "geometry": { "type": "LineString", "coordinates": [ [ -91.701774, 15.575327 ], [ -91.701308, 15.575324 ] ] } }
,
{ "type": "Feature", "properties": { "ARCID": 139, "GRID_CODE": 1, "FROM_NODE": 177, "TO_NODE": 162, "Shape_Leng": 610.552990 }, "geometry": { "type": "LineString", "coordinates": [ [ -91.701308, 15.575324 ], [ -91.699056, 15.577480 ], [ -91.698865, 15.578202 ], [ -91.697924, 15.579643 ] ] } }
,
{ "type": "Feature", "properties": { "ARCID": 140, "GRID_CODE": 1, "FROM_NODE": 178, "TO_NODE": 162, "Shape_Leng": 1461.248917 }, "geometry": { "type": "LineString", "coordinates": [ [ -91.708680, 15.574554 ], [ -91.708398, 15.574823 ], [ -91.708390, 15.576089 ], [ -91.707640, 15.576807 ], [ -91.706333, 15.576980 ], [ -91.703706, 15.579496 ], [ -91.702960, 15.579491 ], [ -91.702773, 15.579671 ], [ -91.697924, 15.579643 ] ] } }
,
{ "type": "Feature", "properties": { "ARCID": 141, "GRID_CODE": 1, "FROM_NODE": 179, "TO_NODE": 114, "Shape_Leng": 1882.423348 }, "geometry": { "type": "LineString", "coordinates": [ [ -91.711479, 15.574209 ], [ -91.711009, 15.574839 ], [ -91.710629, 15.575921 ], [ -91.710433, 15.577547 ], [ -91.708927, 15.579707 ], [ -91.708912, 15.582057 ], [ -91.707967, 15.584040 ], [ -91.707965, 15.584402 ], [ -91.706087, 15.586560 ], [ -91.706084, 15.586922 ], [ -91.705709, 15.587281 ], [ -91.705516, 15.588365 ], [ -91.704764, 15.589264 ] ] } }
,
{ "type": "Feature", "properties": { "ARCID": 142, "GRID_CODE": 1, "FROM_NODE": 173, "TO_NODE": 180, "Shape_Leng": 383.600553 }, "geometry": { "type": "LineString", "coordinates": [ [ -91.766571, 15.577507 ], [ -91.767137, 15.576426 ], [ -91.767332, 15.574980 ], [ -91.767707, 15.574621 ], [ -91.767615, 15.574349 ] ] } }
,
{ "type": "Feature", "properties": { "ARCID": 143, "GRID_CODE": 1, "FROM_NODE": 186, "TO_NODE": 177, "Shape_Leng": 232.315462 }, "geometry": { "type": "LineString", "coordinates": [ [ -91.701880, 15.573339 ], [ -91.701312, 15.574601 ], [ -91.701308, 15.575324 ] ] } }
,
{ "type": "Feature", "properties": { "ARCID": 144, "GRID_CODE": 1, "FROM_NODE": 185, "TO_NODE": 187, "Shape_Leng": 44.721360 }, "geometry": { "type": "LineString", "coordinates": [ [ -91.767059, 15.573804 ], [ -91.766875, 15.573441 ] ] } }
,
{ "type": "Feature", "properties": { "ARCID": 145, "GRID_CODE": 1, "FROM_NODE": 188, "TO_NODE": 186, "Shape_Leng": 236.491106 }, "geometry": { "type": "LineString", "coordinates": [ [ -91.704027, 15.572990 ], [ -91.703001, 15.572984 ], [ -91.701880, 15.573339 ] ] } }
,
{ "type": "Feature", "properties": { "ARCID": 146, "GRID_CODE": 1, "FROM_NODE": 174, "TO_NODE": 190, "Shape_Leng": 720.147006 }, "geometry": { "type": "LineString", "coordinates": [ [ -91.761539, 15.576937 ], [ -91.761729, 15.576214 ], [ -91.763041, 15.575137 ], [ -91.763232, 15.574415 ], [ -91.763981, 15.573877 ], [ -91.765483, 15.572258 ], [ -91.765763, 15.572260 ] ] } }
,
{ "type": "Feature", "properties": { "ARCID": 147, "GRID_CODE": 1, "FROM_NODE": 183, "TO_NODE": 193, "Shape_Leng": 283.294367 }, "geometry": { "type": "LineString", "coordinates": [ [ -91.747756, 15.573876 ], [ -91.747945, 15.573425 ], [ -91.747953, 15.572159 ], [ -91.748330, 15.571438 ] ] } }
,
{ "type": "Feature", "properties": { "ARCID": 148, "GRID_CODE": 1, "FROM_NODE": 191, "TO_NODE": 193, "Shape_Leng": 127.279221 }, "geometry": { "type": "LineString", "coordinates": [ [ -91.747486, 15.572247 ], [ -91.748330, 15.571438 ] ] } }
,
{ "type": "Feature", "properties": { "ARCID": 149, "GRID_CODE": 1, "FROM_NODE": 181, "TO_NODE": 197, "Shape_Leng": 415.562419 }, "geometry": { "type": "LineString", "coordinates": [ [ -91.752416, 15.574264 ], [ -91.753174, 15.572189 ], [ -91.754115, 15.570929 ] ] } }
,
{ "type": "Feature", "properties": { "ARCID": 150, "GRID_CODE": 1, "FROM_NODE": 192, "TO_NODE": 197, "Shape_Leng": 155.563492 }, "geometry": { "type": "LineString", "coordinates": [ [ -91.753083, 15.571917 ], [ -91.754115, 15.570929 ] ] } }
,
{ "type": "Feature", "properties": { "ARCID": 151, "GRID_CODE": 1, "FROM_NODE": 195, "TO_NODE": 199, "Shape_Leng": 70.000000 }, "geometry": { "type": "LineString", "coordinates": [ [ -91.732292, 15.571256 ], [ -91.732296, 15.570624 ] ] } }
,
{ "type": "Feature", "properties": { "ARCID": 152, "GRID_CODE": 1, "FROM_NODE": 196, "TO_NODE": 199, "Shape_Leng": 70.710678 }, "geometry": { "type": "LineString", "coordinates": [ [ -91.731827, 15.571073 ], [ -91.732296, 15.570624 ] ] } }
,
{ "type": "Feature", "properties": { "ARCID": 153, "GRID_CODE": 1, "FROM_NODE": 200, "TO_NODE": 201, "Shape_Leng": 14.142136 }, "geometry": { "type": "LineString", "coordinates": [ [ -91.763628, 15.570621 ], [ -91.763722, 15.570531 ] ] } }
,
{ "type": "Feature", "properties": { "ARCID": 154, "GRID_CODE": 1, "FROM_NODE": 182, "TO_NODE": 200, "Shape_Leng": 538.628011 }, "geometry": { "type": "LineString", "coordinates": [ [ -91.760904, 15.573950 ], [ -91.762494, 15.573146 ], [ -91.763619, 15.572067 ], [ -91.763622, 15.571525 ], [ -91.763810, 15.571345 ], [ -91.763813, 15.570803 ], [ -91.763628, 15.570621 ] ] } }
,
{ "type": "Feature", "properties": { "ARCID": 155, "GRID_CODE": 1, "FROM_NODE": 202, "TO_NODE": 186, "Shape_Leng": 672.938739 }, "geometry": { "type": "LineString", "coordinates": [ [ -91.706285, 15.569840 ], [ -91.705067, 15.570646 ], [ -91.703200, 15.570996 ], [ -91.702262, 15.571895 ], [ -91.702257, 15.572618 ], [ -91.701880, 15.573339 ] ] } }
,
{ "type": "Feature", "properties": { "ARCID": 156, "GRID_CODE": 1, "FROM_NODE": 207, "TO_NODE": 200, "Shape_Leng": 416.703195 }, "geometry": { "type": "LineString", "coordinates": [ [ -91.760467, 15.568976 ], [ -91.761023, 15.569522 ], [ -91.761768, 15.569707 ], [ -91.762695, 15.570616 ], [ -91.763254, 15.570800 ], [ -91.763628, 15.570621 ] ] } }
,
{ "type": "Feature", "properties": { "ARCID": 157, "GRID_CODE": 1, "FROM_NODE": 194, "TO_NODE": 207, "Shape_Leng": 474.823103 }, "geometry": { "type": "LineString", "coordinates": [ [ -91.757282, 15.571399 ], [ -91.757285, 15.570947 ], [ -91.758410, 15.569869 ], [ -91.759344, 15.569693 ], [ -91.760094, 15.568974 ], [ -91.760467, 15.568976 ] ] } }
,
{ "type": "Feature", "properties": { "ARCID": 158, "GRID_CODE": 1, "FROM_NODE": 208, "TO_NODE": 209, "Shape_Leng": 30.000000 }, "geometry": { "type": "LineString", "coordinates": [ [ -91.721117, 15.568842 ], [ -91.721119, 15.568570 ] ] } }
,
{ "type": "Feature", "properties": { "ARCID": 159, "GRID_CODE": 1, "FROM_NODE": 203, "TO_NODE": 209, "Shape_Leng": 199.705627 }, "geometry": { "type": "LineString", "coordinates": [ [ -91.719991, 15.569920 ], [ -91.719993, 15.569649 ], [ -91.721119, 15.568570 ] ] } }
,
{ "type": "Feature", "properties": { "ARCID": 160, "GRID_CODE": 1, "FROM_NODE": 209, "TO_NODE": 210, "Shape_Leng": 20.000000 }, "geometry": { "type": "LineString", "coordinates": [ [ -91.721119, 15.568570 ], [ -91.721120, 15.568390 ] ] } }
,
{ "type": "Feature", "properties": { "ARCID": 161, "GRID_CODE": 1, "FROM_NODE": 205, "TO_NODE": 210, "Shape_Leng": 334.390889 }, "geometry": { "type": "LineString", "coordinates": [ [ -91.718409, 15.569459 ], [ -91.719808, 15.569467 ], [ -91.721120, 15.568390 ] ] } }
,
{ "type": "Feature", "properties": { "ARCID": 162, "GRID_CODE": 1, "FROM_NODE": 199, "TO_NODE": 212, "Shape_Leng": 338.386130 }, "geometry": { "type": "LineString", "coordinates": [ [ -91.732296, 15.570624 ], [ -91.733049, 15.569543 ], [ -91.733052, 15.569001 ], [ -91.733618, 15.567920 ] ] } }
,
{ "type": "Feature", "properties": { "ARCID": 163, "GRID_CODE": 1, "FROM_NODE": 211, "TO_NODE": 212, "Shape_Leng": 58.309519 }, "geometry": { "type": "LineString", "coordinates": [ [ -91.733150, 15.568188 ], [ -91.733618, 15.567920 ] ] } }
,
{ "type": "Feature", "properties": { "ARCID": 164, "GRID_CODE": 1, "FROM_NODE": 193, "TO_NODE": 214, "Shape_Leng": 437.409632 }, "geometry": { "type": "LineString", "coordinates": [ [ -91.748330, 15.571438 ], [ -91.748896, 15.570357 ], [ -91.748909, 15.568188 ], [ -91.749099, 15.567646 ] ] } }
,
{ "type": "Feature", "properties": { "ARCID": 165, "GRID_CODE": 1, "FROM_NODE": 204, "TO_NODE": 214, "Shape_Leng": 435.191683 }, "geometry": { "type": "LineString", "coordinates": [ [ -91.745823, 15.569707 ], [ -91.746104, 15.569437 ], [ -91.747225, 15.569082 ], [ -91.748351, 15.568004 ], [ -91.748724, 15.568006 ], [ -91.749099, 15.567646 ] ] } }
,
{ "type": "Feature", "properties": { "ARCID": 166, "GRID_CODE": 1, "FROM_NODE": 198, "TO_NODE": 215, "Shape_Leng": 369.420137 }, "geometry": { "type": "LineString", "coordinates": [ [ -91.734347, 15.570726 ], [ -91.734164, 15.570092 ], [ -91.734174, 15.568465 ], [ -91.733620, 15.567558 ] ] } }
,
{ "type": "Feature", "properties": { "ARCID": 167, "GRID_CODE": 1, "FROM_NODE": 212, "TO_NODE": 215, "Shape_Leng": 40.000000 }, "geometry": { "type": "LineString", "coordinates": [ [ -91.733618, 15.567920 ], [ -91.733620, 15.567558 ] ] } }
,
{ "type": "Feature", "properties": { "ARCID": 168, "GRID_CODE": 1, "FROM_NODE": 210, "TO_NODE": 216, "Shape_Leng": 128.062485 }, "geometry": { "type": "LineString", "coordinates": [ [ -91.721120, 15.568390 ], [ -91.721871, 15.567490 ] ] } }
,
{ "type": "Feature", "properties": { "ARCID": 169, "GRID_CODE": 1, "FROM_NODE": 217, "TO_NODE": 216, "Shape_Leng": 272.801099 }, "geometry": { "type": "LineString", "coordinates": [ [ -91.719355, 15.567295 ], [ -91.720007, 15.567479 ], [ -91.721871, 15.567490 ] ] } }
,
{ "type": "Feature", "properties": { "ARCID": 170, "GRID_CODE": 1, "FROM_NODE": 197, "TO_NODE": 218, "Shape_Leng": 447.409389 }, "geometry": { "type": "LineString", "coordinates": [ [ -91.754115, 15.570929 ], [ -91.755054, 15.569850 ], [ -91.755815, 15.567323 ] ] } }
,
{ "type": "Feature", "properties": { "ARCID": 171, "GRID_CODE": 1, "FROM_NODE": 213, "TO_NODE": 218, "Shape_Leng": 190.710678 }, "geometry": { "type": "LineString", "coordinates": [ [ -91.754227, 15.567766 ], [ -91.754508, 15.567496 ], [ -91.755627, 15.567503 ], [ -91.755815, 15.567323 ] ] } }
,
{ "type": "Feature", "properties": { "ARCID": 172, "GRID_CODE": 1, "FROM_NODE": 219, "TO_NODE": 207, "Shape_Leng": 503.712178 }, "geometry": { "type": "LineString", "coordinates": [ [ -91.757126, 15.566426 ], [ -91.758244, 15.566433 ], [ -91.758615, 15.566796 ], [ -91.758797, 15.567521 ], [ -91.759727, 15.568068 ], [ -91.760467, 15.568976 ] ] } }
,
{ "type": "Feature", "properties": { "ARCID": 173, "GRID_CODE": 1, "FROM_NODE": 218, "TO_NODE": 219, "Shape_Leng": 172.046505 }, "geometry": { "type": "LineString", "coordinates": [ [ -91.755815, 15.567323 ], [ -91.757126, 15.566426 ] ] } }
,
{ "type": "Feature", "properties": { "ARCID": 174, "GRID_CODE": 1, "FROM_NODE": 216, "TO_NODE": 223, "Shape_Leng": 485.272936 }, "geometry": { "type": "LineString", "coordinates": [ [ -91.721871, 15.567490 ], [ -91.722059, 15.567310 ], [ -91.722619, 15.567314 ], [ -91.725060, 15.564616 ] ] } }
,
{ "type": "Feature", "properties": { "ARCID": 175, "GRID_CODE": 1, "FROM_NODE": 221, "TO_NODE": 223, "Shape_Leng": 174.852814 }, "geometry": { "type": "LineString", "coordinates": [ [ -91.723658, 15.565150 ], [ -91.724497, 15.565155 ], [ -91.725060, 15.564616 ] ] } }
,
{ "type": "Feature", "properties": { "ARCID": 176, "GRID_CODE": 1, "FROM_NODE": 220, "TO_NODE": 224, "Shape_Leng": 154.721360 }, "geometry": { "type": "LineString", "coordinates": [ [ -91.712184, 15.565897 ], [ -91.712190, 15.564903 ], [ -91.712379, 15.564542 ] ] } }
,
{ "type": "Feature", "properties": { "ARCID": 177, "GRID_CODE": 1, "FROM_NODE": 222, "TO_NODE": 224, "Shape_Leng": 42.426407 }, "geometry": { "type": "LineString", "coordinates": [ [ -91.712097, 15.564812 ], [ -91.712379, 15.564542 ] ] } }
,
{ "type": "Feature", "properties": { "ARCID": 178, "GRID_CODE": 1, "FROM_NODE": 227, "TO_NODE": 219, "Shape_Leng": 337.020554 }, "geometry": { "type": "LineString", "coordinates": [ [ -91.755275, 15.564066 ], [ -91.755646, 15.564430 ], [ -91.755828, 15.565154 ], [ -91.757126, 15.566426 ] ] } }
,
{ "type": "Feature", "properties": { "ARCID": 179, "GRID_CODE": 1, "FROM_NODE": 228, "TO_NODE": 227, "Shape_Leng": 110.000000 }, "geometry": { "type": "LineString", "coordinates": [ [ -91.754249, 15.564060 ], [ -91.755275, 15.564066 ] ] } }
,
{ "type": "Feature", "properties": { "ARCID": 180, "GRID_CODE": 1, "FROM_NODE": 226, "TO_NODE": 230, "Shape_Leng": 30.000000 }, "geometry": { "type": "LineString", "coordinates": [ [ -91.713314, 15.564096 ], [ -91.713316, 15.563825 ] ] } }
,
{ "type": "Feature", "properties": { "ARCID": 181, "GRID_CODE": 1, "FROM_NODE": 224, "TO_NODE": 230, "Shape_Leng": 128.062485 }, "geometry": { "type": "LineString", "coordinates": [ [ -91.712379, 15.564542 ], [ -91.713316, 15.563825 ] ] } }
,
{ "type": "Feature", "properties": { "ARCID": 182, "GRID_CODE": 1, "FROM_NODE": 231, "TO_NODE": 227, "Shape_Leng": 420.499688 }, "geometry": { "type": "LineString", "coordinates": [ [ -91.751547, 15.563683 ], [ -91.755276, 15.563885 ], [ -91.755275, 15.564066 ] ] } }
,
{ "type": "Feature", "properties": { "ARCID": 183, "GRID_CODE": 1, "FROM_NODE": 214, "TO_NODE": 231, "Shape_Leng": 535.390680 }, "geometry": { "type": "LineString", "coordinates": [ [ -91.749099, 15.567646 ], [ -91.749855, 15.566024 ], [ -91.750230, 15.565664 ], [ -91.750422, 15.564762 ], [ -91.750987, 15.563861 ], [ -91.751547, 15.563683 ] ] } }
,
{ "type": "Feature", "properties": { "ARCID": 184, "GRID_CODE": 1, "FROM_NODE": 184, "TO_NODE": 232, "Shape_Leng": 1286.978960 }, "geometry": { "type": "LineString", "coordinates": [ [ -91.738244, 15.573821 ], [ -91.736956, 15.571012 ], [ -91.736787, 15.568119 ], [ -91.737913, 15.567040 ], [ -91.737921, 15.565775 ], [ -91.738297, 15.565235 ], [ -91.738300, 15.564692 ], [ -91.739427, 15.563433 ] ] } }
,
{ "type": "Feature", "properties": { "ARCID": 185, "GRID_CODE": 1, "FROM_NODE": 215, "TO_NODE": 232, "Shape_Leng": 902.579051 }, "geometry": { "type": "LineString", "coordinates": [ [ -91.733620, 15.567558 ], [ -91.733626, 15.566654 ], [ -91.734005, 15.565572 ], [ -91.734944, 15.564492 ], [ -91.735317, 15.564495 ], [ -91.736814, 15.563780 ], [ -91.738677, 15.563971 ], [ -91.739427, 15.563433 ] ] } }
,
{ "type": "Feature", "properties": { "ARCID": 186, "GRID_CODE": 1, "FROM_NODE": 206, "TO_NODE": 234, "Shape_Leng": 777.061738 }, "geometry": { "type": "LineString", "coordinates": [ [ -91.725312, 15.569047 ], [ -91.726910, 15.566977 ], [ -91.727291, 15.565714 ], [ -91.727666, 15.565354 ], [ -91.728233, 15.564092 ], [ -91.728238, 15.563369 ], [ -91.728613, 15.563010 ] ] } }
,
{ "type": "Feature", "properties": { "ARCID": 187, "GRID_CODE": 1, "FROM_NODE": 223, "TO_NODE": 234, "Shape_Leng": 453.596194 }, "geometry": { "type": "LineString", "coordinates": [ [ -91.725060, 15.564616 ], [ -91.725625, 15.563716 ], [ -91.726930, 15.563723 ], [ -91.728613, 15.563010 ] ] } }
,
{ "type": "Feature", "properties": { "ARCID": 188, "GRID_CODE": 1, "FROM_NODE": 233, "TO_NODE": 235, "Shape_Leng": 102.426407 }, "geometry": { "type": "LineString", "coordinates": [ [ -91.729637, 15.563287 ], [ -91.729359, 15.563014 ], [ -91.729362, 15.562472 ] ] } }
,
{ "type": "Feature", "properties": { "ARCID": 189, "GRID_CODE": 1, "FROM_NODE": 234, "TO_NODE": 235, "Shape_Leng": 100.000000 }, "geometry": { "type": "LineString", "coordinates": [ [ -91.728613, 15.563010 ], [ -91.729362, 15.562472 ] ] } }
,
{ "type": "Feature", "properties": { "ARCID": 190, "GRID_CODE": 1, "FROM_NODE": 238, "TO_NODE": 231, "Shape_Leng": 372.021505 }, "geometry": { "type": "LineString", "coordinates": [ [ -91.749512, 15.560960 ], [ -91.751547, 15.563683 ] ] } }
,
{ "type": "Feature", "properties": { "ARCID": 191, "GRID_CODE": 1, "FROM_NODE": 189, "TO_NODE": 238, "Shape_Leng": 1573.523110 }, "geometry": { "type": "LineString", "coordinates": [ [ -91.742728, 15.572582 ], [ -91.743106, 15.571770 ], [ -91.743491, 15.569784 ], [ -91.744993, 15.568165 ], [ -91.745366, 15.568168 ], [ -91.746115, 15.567629 ], [ -91.746309, 15.566365 ], [ -91.747064, 15.564923 ], [ -91.747815, 15.564024 ], [ -91.747817, 15.563662 ], [ -91.748569, 15.562762 ], [ -91.748575, 15.561678 ], [ -91.748764, 15.561317 ], [ -91.749512, 15.560960 ] ] } }
,
{ "type": "Feature", "properties": { "ARCID": 192, "GRID_CODE": 1, "FROM_NODE": 229, "TO_NODE": 239, "Shape_Leng": 475.563492 }, "geometry": { "type": "LineString", "coordinates": [ [ -91.744365, 15.564094 ], [ -91.744646, 15.563825 ], [ -91.744651, 15.563102 ], [ -91.745026, 15.562742 ], [ -91.745029, 15.562200 ], [ -91.744658, 15.561836 ], [ -91.744668, 15.560209 ] ] } }
,
{ "type": "Feature", "properties": { "ARCID": 193, "GRID_CODE": 1, "FROM_NODE": 240, "TO_NODE": 239, "Shape_Leng": 20.000000 }, "geometry": { "type": "LineString", "coordinates": [ [ -91.744482, 15.560208 ], [ -91.744668, 15.560209 ] ] } }
,
{ "type": "Feature", "properties": { "ARCID": 194, "GRID_CODE": 1, "FROM_NODE": 236, "TO_NODE": 240, "Shape_Leng": 191.049732 }, "geometry": { "type": "LineString", "coordinates": [ [ -91.744285, 15.561925 ], [ -91.744482, 15.560208 ] ] } }
,
{ "type": "Feature", "properties": { "ARCID": 195, "GRID_CODE": 1, "FROM_NODE": 241, "TO_NODE": 240, "Shape_Leng": 120.000000 }, "geometry": { "type": "LineString", "coordinates": [ [ -91.743363, 15.560202 ], [ -91.744482, 15.560208 ] ] } }
,
{ "type": "Feature", "properties": { "ARCID": 196, "GRID_CODE": 1, "FROM_NODE": 232, "TO_NODE": 241, "Shape_Leng": 564.194525 }, "geometry": { "type": "LineString", "coordinates": [ [ -91.739427, 15.563433 ], [ -91.741492, 15.561095 ], [ -91.743363, 15.560202 ] ] } }
,
{ "type": "Feature", "properties": { "ARCID": 197, "GRID_CODE": 1, "FROM_NODE": 225, "TO_NODE": 242, "Shape_Leng": 486.568542 }, "geometry": { "type": "LineString", "coordinates": [ [ -91.715552, 15.564109 ], [ -91.715560, 15.562753 ], [ -91.715748, 15.562574 ], [ -91.715760, 15.560585 ], [ -91.715575, 15.560403 ], [ -91.715578, 15.559861 ] ] } }
,
{ "type": "Feature", "properties": { "ARCID": 198, "GRID_CODE": 1, "FROM_NODE": 230, "TO_NODE": 242, "Shape_Leng": 532.234686 }, "geometry": { "type": "LineString", "coordinates": [ [ -91.713316, 15.563825 ], [ -91.713512, 15.562199 ], [ -91.715201, 15.560582 ], [ -91.715203, 15.560220 ], [ -91.715578, 15.559861 ] ] } }
,
{ "type": "Feature", "properties": { "ARCID": 199, "GRID_CODE": 1, "FROM_NODE": 239, "TO_NODE": 238, "Shape_Leng": 576.899319 }, "geometry": { "type": "LineString", "coordinates": [ [ -91.744668, 15.560209 ], [ -91.745043, 15.559850 ], [ -91.746162, 15.559856 ], [ -91.747462, 15.560768 ], [ -91.749327, 15.560778 ], [ -91.749512, 15.560960 ] ] } }
,
{ "type": "Feature", "properties": { "ARCID": 200, "GRID_CODE": 1, "FROM_NODE": 242, "TO_NODE": 244, "Shape_Leng": 157.551063 }, "geometry": { "type": "LineString", "coordinates": [ [ -91.715578, 15.559861 ], [ -91.715954, 15.559321 ], [ -91.716702, 15.559054 ] ] } }
,
{ "type": "Feature", "properties": { "ARCID": 201, "GRID_CODE": 1, "FROM_NODE": 245, "TO_NODE": 246, "Shape_Leng": 20.000000 }, "geometry": { "type": "LineString", "coordinates": [ [ -91.719501, 15.558709 ], [ -91.719502, 15.558528 ] ] } }
,
{ "type": "Feature", "properties": { "ARCID": 202, "GRID_CODE": 1, "FROM_NODE": 247, "TO_NODE": 248, "Shape_Leng": 53.851648 }, "geometry": { "type": "LineString", "coordinates": [ [ -91.736941, 15.558177 ], [ -91.737408, 15.557999 ] ] } }
,
{ "type": "Feature", "properties": { "ARCID": 203, "GRID_CODE": 1, "FROM_NODE": 249, "TO_NODE": 248, "Shape_Leng": 40.000000 }, "geometry": { "type": "LineString", "coordinates": [ [ -91.737036, 15.557996 ], [ -91.737408, 15.557999 ] ] } }
,
{ "type": "Feature", "properties": { "ARCID": 204, "GRID_CODE": 1, "FROM_NODE": 243, "TO_NODE": 249, "Shape_Leng": 250.000000 }, "geometry": { "type": "LineString", "coordinates": [ [ -91.735722, 15.559345 ], [ -91.735726, 15.558712 ], [ -91.736290, 15.557992 ], [ -91.737036, 15.557996 ] ] } }
,
{ "type": "Feature", "properties": { "ARCID": 205, "GRID_CODE": 1, "FROM_NODE": 248, "TO_NODE": 241, "Shape_Leng": 751.293252 }, "geometry": { "type": "LineString", "coordinates": [ [ -91.737408, 15.557999 ], [ -91.737783, 15.557820 ], [ -91.738715, 15.557825 ], [ -91.738900, 15.558007 ], [ -91.741137, 15.558201 ], [ -91.741693, 15.558746 ], [ -91.742066, 15.558748 ], [ -91.743363, 15.560202 ] ] } }
,
{ "type": "Feature", "properties": { "ARCID": 206, "GRID_CODE": 1, "FROM_NODE": 250, "TO_NODE": 251, "Shape_Leng": 110.000000 }, "geometry": { "type": "LineString", "coordinates": [ [ -91.722304, 15.557821 ], [ -91.722310, 15.556827 ] ] } }
,
{ "type": "Feature", "properties": { "ARCID": 207, "GRID_CODE": 1, "FROM_NODE": 237, "TO_NODE": 251, "Shape_Leng": 625.137665 }, "geometry": { "type": "LineString", "coordinates": [ [ -91.719764, 15.561422 ], [ -91.720233, 15.560973 ], [ -91.720237, 15.560430 ], [ -91.721362, 15.559352 ], [ -91.721366, 15.558810 ], [ -91.721930, 15.558090 ], [ -91.721936, 15.557005 ], [ -91.722310, 15.556827 ] ] } }
,
{ "type": "Feature", "properties": { "ARCID": 208, "GRID_CODE": 1, "FROM_NODE": 235, "TO_NODE": 249, "Shape_Leng": 1275.022329 }, "geometry": { "type": "LineString", "coordinates": [ [ -91.729362, 15.562472 ], [ -91.729551, 15.562111 ], [ -91.731801, 15.560136 ], [ -91.732553, 15.559055 ], [ -91.732560, 15.557971 ], [ -91.733310, 15.557252 ], [ -91.734057, 15.557075 ], [ -91.734993, 15.556538 ], [ -91.736112, 15.556545 ], [ -91.736297, 15.556727 ], [ -91.736293, 15.557450 ], [ -91.737036, 15.557996 ] ] } }
,
{ "type": "Feature", "properties": { "ARCID": 209, "GRID_CODE": 1, "FROM_NODE": 251, "TO_NODE": 252, "Shape_Leng": 1355.211897 }, "geometry": { "type": "LineString", "coordinates": [ [ -91.722310, 15.556827 ], [ -91.722685, 15.556467 ], [ -91.724738, 15.556299 ], [ -91.725301, 15.555759 ], [ -91.726234, 15.555584 ], [ -91.726796, 15.555226 ], [ -91.728474, 15.555235 ], [ -91.728659, 15.555417 ], [ -91.729406, 15.555241 ], [ -91.730343, 15.554523 ], [ -91.730345, 15.554162 ], [ -91.731099, 15.552901 ], [ -91.731659, 15.552904 ], [ -91.731846, 15.552724 ], [ -91.732871, 15.552820 ] ] } }

]
}
